Rank,followers,username,fid
1,603512,dwr,3
2,583590,jesse.base.eth,99
3,502084,vitalik.eth,5650
4,470297,jacob,8
5,470045,v,2
6,462986,phil,129
7,460398,greg,347
8,456997,ted,239
9,450224,linda,12
10,444359,coopahtroopa.eth,206
11,434192,dcposch.eth,56
12,432903,nonlinear.eth,576
13,431319,tim,207
14,413793,mikedemarais.eth,534
15,410443,zachterrell.eth,457
16,404777,cassie,1325
17,364154,horsefacts.eth,3621
18,350795,0xstark.eth,368
19,348341,colin,378
20,335437,polynya,11188
21,331743,noun40,1097
22,329242,seneca,2433
23,325819,fiveoutofnine.eth,733
24,322553,nicholas,1237
25,318296,giu,124
26,315796,kyle,303
27,310105,wilsoncusack,742
28,300162,slokh,3887
29,298060,balajis.eth,37
30,296928,lsankar.eth,54
31,292054,robin,369
32,290776,pugson,557
33,286482,liam.eth,80
34,275987,rish,194
35,274433,matthew,473
36,271601,pedrouid,8413
37,264779,typedarray.eth,651
38,261473,cameron,617
39,261394,prberg,10677
40,257327,yitong,101
41,254515,hyper,283
42,253807,lefteris.eth,10420
43,253683,pfista,451
44,252287,trent,1766
45,252162,0xdesigner,1317
46,251943,tldr,5774
47,250274,binji,2689
48,249617,todd,18
49,248855,danfinlay,2074
50,245808,woj,680
51,242022,gakonst,3860
52,241953,eulerlagrange.eth,16148
53,241871,july,1287
54,239727,manan,191
55,236162,horneps,4409
56,235748,pushix,359
57,231932,keccers.eth,4407
58,229609,sriramk.eth,43
59,224901,maurelian.eth,4179
60,224636,alok,28
61,220646,kaloh,13833
62,217827,tayyab,66
63,216400,ccarella.eth,472
64,216205,camilleroux,9816
65,211248,kepano,1321
66,207667,makemake,17793
67,204877,betashop.eth,602
68,195470,nickbytes.eth,631
69,187839,ansgar.eth,1380
70,185858,stephancill,1689
71,184982,0xen,528
72,183811,cdixon.eth,25
73,178792,brenner.eth,60
74,178336,karalabe.eth,18152
75,172881,hades,7933
76,172776,hww,7236
77,170675,base.base.eth,12142
78,170305,whatrocks,224
79,169729,jayme,373
80,169599,stc,7048
81,163082,terencechain,18559
82,161943,brianjckim,426
83,161704,toadyhawk.eth,3642
84,159562,corbin.eth,358
85,154844,j4ck.eth,431
86,152885,shawki,73
87,151559,imthedude,281836
88,148603,grin,1970
89,146818,polymarket,310928
90,145459,farcasteradmin.eth,1356
91,143651,adrienne,5818
92,143532,gigamesh,4378
93,143044,itai,516
94,141646,mcbain,1626
95,138180,jack,160
96,138163,n,274
97,136518,df,1214
98,135749,vgr,4606
99,134206,msolomon.eth,12370
100,133281,vm,325
101,133258,bitfloorsghost.eth,269694
102,130852,gm8xx8,1171
103,130293,eddy,48
104,129897,scharf,134
105,129229,six,7143
106,128928,cojo.eth,4327
107,128854,w1nt3r,701
108,127172,antimofm.eth,4923
109,125581,aviationdoctor.eth,7237
110,122752,nick,108
111,121688,barmstrong,20
112,120872,jacek,15983
113,119050,ace,539
114,118999,benersing,1285
115,118986,jackson,106
116,118348,alexgrover,10259
117,117868,billzh,1886
118,117270,emodi,604
119,115998,jc,251
120,115542,bias,1355
121,114571,fredwilson.eth,169
122,109852,dragonite.eth,244479
123,107779,banteg,4143
124,107390,sam,39
125,106880,steph,350
126,106383,jamesstevens,11040
127,105591,alor,1887
128,105297,dylsteck.eth,616
129,103821,notdevin.eth,2455
130,102031,samantha,1606
131,101184,syed,1236
132,100582,macbudkowski,1048
133,99866,tess,623
134,98544,drewcoffman.eth,3895
135,97987,rsa.eth,8046
136,97681,wake,2904
137,97621,seanhart,4612
138,97308,tynes,4155
139,97252,antonio,53
140,95488,serendipity,16567
141,94668,zoz.eth,1918
142,94434,nounishprof,4167
143,94109,briang,548
144,92088,gabrielayuso.eth,834
145,91400,mk,143
146,91108,stevedv.eth,2745
147,91088,sassal.eth,4036
148,90100,yb,3206
149,88720,les,312
150,87702,giuseppe,18989
151,87502,kam,4807
152,86364,viybz,18910
153,86282,tiago,45
154,86100,justinahn.base.eth,8004
155,85983,chicago,6731
156,84113,fun,5620
157,83880,zachxbt,20931
158,83577,christopher,4085
159,83473,onefootballclub,669936
160,82194,kugusha.eth,9135
161,82024,yuga,2099
162,81952,leohenkels,13610
163,81886,eriks,8447
164,81061,peterferguson.eth,3801
165,80997,ryanshea.eth,132
166,79438,justindrake,7596
167,79270,alvesjtiago.eth,762
168,78405,mason,50
169,77913,robot,2417
170,77513,lght.eth,13121
171,76685,accountless.eth,880
172,76463,alexmasmej,738
173,76224,pedropregueiro,5781
174,75864,farcaster,1
175,74757,limone.eth,4461
176,74175,christin,15850
177,73475,layer3xyz,21071
178,72968,salvino,734
179,71060,maxp.eth,4373
180,70476,koeppelmann.eth,12923
181,70286,karma,10502
182,69302,kenny,2210
183,68948,mxjxn,4905
184,68905,liang,7061
185,68708,dawufi,6806
186,68687,proxystudio,270504
187,68593,jesse,24
188,68524,jpren.eth,771
189,68182,deployer,4482
190,68174,jrf,11528
191,67916,pixel,4286
192,66697,nor,2588
193,66687,goose,225
194,66465,polluterofminds,4823
195,65994,chaskin.eth,7479
196,64809,0xluo.eth,9856
197,64690,jvaleska.eth,13505
198,64251,nikolaii.eth,366713
199,63794,kmacb.eth,4163
200,63696,sayangel,1725
201,63601,garrett,2802
202,63463,chriscocreated,5701
203,63117,shoni.eth,533
204,62970,zaak,2558
205,62970,ciniz,7251
206,62462,becker,19815
207,62271,esdotge,5431
208,61674,sui,2252
209,61357,cryptogirls,2163
210,61177,0age,4262
211,60964,yonfrula,243300
212,60839,bored,3417
213,60699,vrypan.eth,280
214,60442,nbragg,9166
215,60389,tbi,17295
216,59823,erica,20270
217,59746,gami,10810
218,59215,perl,1110
219,58667,rainbow,20919
220,58584,mark,4256
221,58297,aaronrferguson,7637
222,58208,zinger,1407
223,57914,afrochicks,780900
224,57745,arjun,71
225,57715,humpty.eth,2480
226,57669,hellno.eth,13596
227,57139,androidsixteen.eth,3635
228,57077,kostas,162
229,57059,dappykit,354669
230,57044,jake,1020
231,56844,survey,9595
232,56359,ispeaknerd.eth,9391
233,56072,anatcrypto.eth,8998
234,55912,kevinoconnell,4564
235,55772,wijuwiju.eth,1430
236,55173,,15576
237,55068,joeblau,412
238,54946,aerodrome,211205
239,54452,rafi,3017
240,54027,kazi,2134
241,53905,dogfacts.eth,6622
242,53882,pichi,234616
243,53850,nir,133
244,53813,gt,302
245,53798,ir,12912
246,53580,joanwestenberg.eth,3305
247,53495,timdaub.eth,5708
248,53300,typeof.eth,6162
249,52659,matallo.eth,626
250,52195,jmj,204
251,52168,,758919
252,52144,usersteen.eth,9055
253,51791,mantej,3306
254,51788,pjc,12567
255,51295,worm,88
256,51178,scottrepreneur.eth,828
257,50974,kbc,12021
258,50966,limes.eth,5283
259,50918,m-j-r,7097
260,50703,uncledavo,5181
261,50390,artlu,6546
262,50106,basche42,2586
263,50047,,1401
264,49524,stoic,1471
265,49493,rafa,2458
266,49414,thatalexpalmer.eth,1996
267,49364,davidtphung,1657
268,49157,manansh,1315
269,49006,ayushm.eth,716
270,48964,arjantupan,13089
271,48964,ivy,1137
272,48718,thumbsup.eth,12480
273,48575,markus,276
274,48537,bgrill.eth,311
275,48454,kylepatrick.eth,247143
276,48450,ghostlinkz.eth,3115
277,48399,jk,443
278,47984,madhurshrimal.eth,702
279,47635,manuelmaccou.eth,8587
280,47326,zachharris.eth,10351
281,46764,simondlr,2653
282,46633,mxvoid,5991
283,46493,chandresh.eth,4434
284,46449,emr.eth,6227
285,46348,jtgi,5179
286,46052,sirsu.eth,5543
287,46025,mc,4904
288,45811,n64jerry,5604
289,45654,zora,20910
290,45461,jackmcdermott,3966
291,45034,morereese,6351
292,44924,turboflow.eth,24235
293,44856,drews.eth,794
294,44709,compez.eth,321969
295,44699,lamaboo.eth,262563
296,44604,jithinraj,7438
297,44566,slowcrypto,3872
298,44458,mg,125
299,44418,andyjagoe,1095
300,44310,thethriller,8555
301,44285,aneri.base.eth,7732
302,43902,baseapp.base.eth,309857
303,43884,elie,3863
304,43685,weboftrust,6187
305,43566,eq,647
306,43426,jing,10765
307,43357,likesdotfun.eth,1147178
308,43005,edit,230147
309,42833,writer,335872
310,41894,777,2923
311,41835,paulm,12573
312,41002,neged,398355
313,40975,pplpleasr,233147
314,40914,tocd,281289
315,40841,trebor69,307834
316,39936,warface228.eth,12613
317,39711,pdr,474
318,39703,iambullish,322839
319,39586,priyanka,6373
320,39304,warren,2029
321,39302,deodad,6841
322,39138,sds,17
323,38958,gmonchain.eth,537378
324,38760,airstack.eth,20909
325,38525,pinged,7074
326,37830,matthuang,34
327,37731,maretus,403619
328,37141,lajos,7288
329,36990,inkonchain,856652
330,36872,goki,5006
331,36502,jacopo.eth,2007
332,35974,clanker,874542
333,35692,karthiksenthil,681
334,35677,martin,1841
335,35385,arbitrum,536359
336,35063,trustlessstate,8048
337,35010,pratik,2526
338,34627,10kdotworld.eth,343261
339,34562,itsbasil,20384
340,34042,optimism,300898
341,33880,meluhian.eth,6878
342,33760,255.eth,14351
343,33473,alfafrens,340305
344,33334,apex777.eth,221578
345,33142,ommalik,7556
346,33006,animated,262938
347,32908,jam,10636
348,32562,flexasaurusrex,7418
349,32491,opiumhum,5851
350,32357,qt,18570
351,32289,raz,656
352,32213,talent,20442
353,32139,web3d3v,9148
354,31519,cybershakti,7620
355,30965,downshift.eth,243719
356,30960,max,23
357,30856,farquest,12741
358,30830,mleejr,18085
359,30640,levy,1134
360,30426,awkweb,4433
361,30404,ludo,165
362,30381,gaby,83
363,29772,matthewfox,4282
364,29732,galazio,13495
365,29623,pmarca,51
366,29416,bleu.eth,253127
367,29230,samuellhuber.eth,16085
368,28769,kawaiinyan.eth,384019
369,28734,undefined,8152
370,28189,degengate,537227
371,28172,degenfans,385955
372,28085,rarible,24005
373,27901,socialtoken,879968
374,27785,pilll,412772
375,27614,joncharbonneau,4466
376,27182,cashlessman.eth,268438
377,27117,lottopgf,233254
378,27073,cooprecs,262450
379,26987,miguelgarest.eth,323251
380,26984,lyra.eth,249199
381,26759,icetoad.eth,190218
382,26576,superanon,862100
383,26521,zama,260677
384,26511,darrylyeo,3854
385,26407,sartoshi,244902
386,26400,tervo,5034
387,26322,sum,5860
388,26144,monad,282172
389,25897,jvmi,196199
390,25893,matthewb,4895
391,25856,jihad,114
392,25841,king,6596
393,25700,jxom,6143
394,25564,highlight,190075
395,25422,uniswap,212722
396,25289,stevedylandev,6023
397,25281,henri,59
398,25108,poster,20111
399,24960,0g-labs,950760
400,24953,karbonbased,343622
401,24923,mjc716,11599
402,24824,plastician,415248
403,24454,m00npapi.eth,9933
404,24133,thedude,13874
405,23792,iceberg,4483
406,23778,skrrt-base.eth,386793
407,23727,markcarey,8685
408,23725,ahuang,878
409,23613,farlegacy,1015309
410,23586,to,8942
411,23556,enjoytech.eth,368835
412,23413,shawmakesmagic,899923
413,23067,kevinmfer,436577
414,23044,khadijaali123,447233
415,23022,xenbh.eth,11510
416,22998,jess,139
417,22940,wagmi1337.eth,409781
418,22923,trupty,347050
419,22903,matchaxyz,17114
420,22861,warpcast,9152
421,22827,peter,577
422,22681,burr.eth,311933
423,22677,casterchain.eth,332281
424,22611,austin,110
425,22566,lambchop,395346
426,22534,virtualsprotocol.eth,399807
427,22521,links,18586
428,22470,0xmert,17316
429,22197,mistershot,211693
430,22186,push-,403020
431,22155,pods,13875
432,22113,rugdotfun,476882
433,21929,plazafinance,894402
434,21912,mikkolagerstedt,302556
435,21904,riotgoools,7258
436,21750,tomu,1668
437,21666,pauline-unik,193826
438,21639,surgelabs,1467344
439,21626,yes2crypto.eth,214447
440,21568,casteragents,1020116
441,21517,setya,18069
442,21502,debbie,1628
443,21448,noiceapp,1058691
444,21365,backseats,3095
445,21033,tonyminh,263574
446,20951,alexmack,249332
447,20803,primenode.eth,421661
448,20763,claireujma,15776
449,20656,m--,16333
450,20590,rjs,426045
451,20445,hotdao,639787
452,20359,reneecampbell,283144
453,20332,beefy,23441
454,20322,macedo,8446
455,20309,celo,3430
456,20301,gigabraingalaxy.eth,1049801
457,20290,jpfraneto.eth,16098
458,20283,shl0ms,3174
459,20206,gig,315256
460,20034,eggman.eth,310124
461,20011,purp,14364
462,19918,threadguy,244349
463,19901,tricil.eth,4294
464,19672,farlaunch,259196
465,19661,reallyryl,236581
466,19539,199.eth,245388
467,19504,partydao,20928
468,19328,superfluid,315653
469,19271,dankrad,7318
470,19238,ds8,11124
471,19237,,250874
472,19184,geoffgolberg,4528
473,19179,dish,15549
474,19041,compusophy,350911
475,19041,chuckstock,16405
476,19012,entropybender,13659
477,18988,derek,193
478,18984,missangel,19105
479,18949,bay-photography,337090
480,18931,towerecosystem,397971
481,18887,inceptionally,283056
482,18763,jachian,5494
483,18700,gmoney.eth,9410
484,18684,cobie,264700
485,18666,sartocrates,248216
486,18613,warpletmutants.eth,371274
487,18532,dcinvestor,211272
488,18529,zafgod,270684
489,18510,ethan666,210628
490,18295,puffdood.eth,242661
491,18238,itsjust4cubes.eth,237884
492,18204,ownthedoge,269169
493,18188,neynar,6131
494,18175,solana,295879
495,18167,articuno.eth,7452
496,18022,fuckcoolpussy.eth,409573
497,18009,sgniwder,245124
498,17999,kyb,284063
499,17989,timetree,508049
500,17949,vlady,239748
501,17936,3lau,81
502,17838,degenpad,434908
503,17792,mattlee,6591
504,17786,beamr,1149437
505,17746,wowbase,329883
506,17739,hafeez,459311
507,17715,farhouse,490435
508,17702,saxenasaheb,4753
509,17674,ashmoney.eth,12938
510,17640,cryptorubic,513499
511,17637,acrossprotocol,321200
512,17631,coinbase,21773
513,17595,thebarcode,1483481
514,17514,boldleonidas,226538
515,17467,srijan.eth,377
516,17420,brixbounty,18723
517,17356,inflynce,1046430
518,17338,xcopy.eth,16183
519,17324,hnwcrypto.eth,402888
520,17318,saba800,499956
521,17293,randomerror.eth,784003
522,17265,symbiotech,4567
523,17212,farcastercoin,345923
524,17210,maschka,3362
525,17203,taikoxyz,289784
526,17155,liveart,295781
527,16993,dailofrog,218952
528,16992,luc,4013
529,16842,chainvirus,290132
530,16819,4484.eth,2420
531,16783,farcasterranking,339515
532,16776,haole,3346
533,16727,based-karma.eth,1353274
534,16700,rubinovitz,2112
535,16676,zd,296
536,16626,soarez.eth,211832
537,16541,a16zcrypto,1786
538,16533,funghibull,6111
539,16524,bixbite,20147
540,16489,blablainvest,7941
541,16425,imagineinfra,381068
542,16398,0xsmallbrain,16831
543,16273,phaverapp,236812
544,16249,lampphotography,12626
545,16249,nicolasdavis,327165
546,16243,farbase,274138
547,16108,mocareward.eth,10996
548,16019,moxie-app.eth,396869
549,16018,darkoh.eth,248111
550,15922,angelikakollin,326040
551,15872,commstark,2211
552,15843,dabit3,235510
553,15807,procoin,1093494
554,15767,streetphoto,5713
555,15750,wlist,557773
556,15730,clfx.eth,263333
557,15654,popfi,1106422
558,15555,degentip,234434
559,15525,jonathancolton,296687
560,15516,metamask,222464
561,15513,futurefae,4440
562,15437,mhk92,472896
563,15326,hind,285998
564,15281,aaronv.eth,354795
565,15272,letdegen,406863
566,15266,fxhash,227062
567,15217,joellelb,278406
568,15217,fffflood,237973
569,15216,thepapercrane,249958
570,15207,wbnns,12144
571,15141,snickerdoodle,381100
572,15125,nutellacrepe.eth,408746
573,15120,nftart,202681
574,15100,qrcoindotfun,1041585
575,15076,moxie.eth,565051
576,15076,b3dotfun,652493
577,15075,oku,20176
578,15025,avantisfinance,373885
579,14976,superseed,315951
580,14958,iashish.eth,305843
581,14880,ed1t,396659
582,14874,triumph,1180
583,14873,annoushka.eth,2736
584,14806,runn3rr,18763
585,14784,w,142
586,14761,betrmint,1047658
587,14747,nomadicframe,309710
588,14740,tanishq,2341
589,14704,mvr,230238
590,14663,sidshekhar,18407
591,14603,kaufman,1015455
592,14600,anemale.eth,281676
593,14600,ghcryptoguy,254512
594,14580,rafaello12,391793
595,14556,0xanas.eth,249702
596,14543,nt,3237
597,14538,wellzy,292506
598,14488,brydeadhead.eth,193158
599,14481,blackstock,294226
600,14454,alinaferry,282672
601,14426,animocabrands,20805
602,14354,hollins,3882
603,14345,arob1000,440747
604,14333,yar0x,8481
605,14328,whateveruser,521663
606,14319,yekim,260
607,14263,strano,278239
608,14250,john,913
609,14191,kunalvg,4914
610,14159,destiner.eth,7963
611,14118,superbuu.eth,412843
612,14106,bankr,886870
613,14081,chicbangs.eth,5328
614,14078,plumenetwork,232448
615,14053,nimaleophotos.eth,448502
616,14046,chsh.eth,1303
617,14032,ako1988,397392
618,14027,jc4p,977233
619,14027,8386,398688
620,14016,jina,478906
621,13947,justbuild,414955
622,13922,thales,324452
623,13865,jessyjeanne,12921
624,13821,chii-ka,516028
625,13789,deriniti,309242
626,13765,trillobyte,340986
627,13740,elesel.eth,4790
628,13736,segall,922
629,13711,gregfromstl,7657
630,13675,bfg,11244
631,13661,bryanjohnson,330642
632,13641,cryptoteluguo,345284
633,13615,mbranson,12738
634,13581,project7,8106
635,13578,kia.eth,12256
636,13565,stackdotso,417119
637,13565,sleepypenguin.eth,403090
638,13532,ethereumdaily.eth,21417
639,13407,tn100x.eth,320215
640,13403,oxb,20286
641,13388,swim,268455
642,13365,super,193137
643,13341,bertwurst.eth,864405
644,13332,packy,57
645,13323,minchow,423255
646,13260,nickyboost,328041
647,13205,jethid,12309
648,13158,basewtf,299853
649,13149,teaprotocol,319118
650,13136,qqsksk12,379750
651,13128,sammdec.eth,1864
652,13116,,7715
653,13076,swampnet,471228
654,13043,zen,4909
655,13021,cryptowenmoon.eth,10174
656,13013,degen,5557
657,12994,grit,227886
658,12991,0ffline,15351
659,12989,vinayvasanji.eth,1082
660,12958,0xmizan,13640
661,12947,zeni.eth,446697
662,12918,statuette,15211
663,12867,non07777.eth,285462
664,12865,naomiii,13077
665,12795,eiteengo,396484
666,12776,thief,19832
667,12752,tinyrainboot,9218
668,12734,eic.eth,2795
669,12728,osama,75
670,12727,farcaster-dog,868163
671,12696,anoncast,880094
672,12686,walletconnect,18224
673,12641,antonmarrast,323645
674,12602,benna,265506
675,12602,yoyo-app,557899
676,12579,johann,10144
677,12575,arvis,349718
678,12540,pirosb3,12152
679,12534,mantissafinance,543630
680,12525,atnsarts.eth,266782
681,12493,joshisdead.eth,350139
682,12476,laequis.eth,211769
683,12457,chillyazz.eth,376177
684,12455,carlos,2201
685,12450,bayardo.eth,6394
686,12433,siike.eth,13983
687,12401,tracingstories,309043
688,12340,spitfunkolips.eth,7464
689,12320,degen-tip.eth,317643
690,12297,missjulianna,421161
691,12276,ilemi,16522
692,12242,maheshb,323070
693,12230,realgods.eth,377096
694,12198,bihukim,378275
695,12130,aethernet,862185
696,12108,tipnbot.eth,403507
697,12091,,370078
698,12069,feelsxart,330807
699,12058,fredha.eth,444929
700,12055,,227912
701,12017,rusmayana,305183
702,12014,rarifoundation,341939
703,12007,boeing747,388965
704,12007,sheldon,7960
705,11998,dummie.eth,277952
706,11992,jojo-exchange,499148
707,11992,hellodanimo,199989
708,11968,thibauld,1992
709,11966,abbass.eth,419741
710,11963,sahil,725
711,11958,breech,417063
712,11926,eitzi.eth,3372
713,11906,wetsocks.eth,473065
714,11905,apinoz,501185
715,11857,svvvg3.eth,466111
716,11842,benroy,12224
717,11841,mint7777.eth,401049
718,11832,baebaeddo,401028
719,11776,eiza,406815
720,11771,thecryptomath.eth,245017
721,11693,saintless,8476
722,11684,wieldlabs.eth,18548
723,11647,,308664
724,11602,shahbazbaaz,517425
725,11554,superrare,270678
726,11455,grunt,2441
727,11450,simson,361319
728,11448,leshka,192373
729,11446,div,409
730,11420,larabee,382803
731,11391,nickysap,269091
732,11372,bet188,395748
733,11362,ohyoublockhead,243139
734,11335,luciano,838
735,11329,lstcoins,1139763
736,11319,ihawaii.eth,456735
737,11315,kufz,272453
738,11312,dylanabruscato,189781
739,11304,casterapp,861884
740,11282,timeshare,423063
741,11275,ddongguri,407704
742,11265,velodrome,195960
743,11247,goldytalks,240586
744,11203,basegod,211756
745,11188,javabu.eth,13893
746,11180,0xiceberg,514785
747,11145,kompreni,15732
748,11123,seanwbren,2139
749,11114,floc,6946
750,11108,,403517
751,11101,itslemon.eth,301144
752,11028,sidikmendoza,269022
753,11028,nothing11,516359
754,10997,zoopdrop.eth,258848
755,10986,degenveteran.eth,284679
756,10978,manuwilliams,308410
757,10974,lusian.eth,309470
758,10969,ba,976
759,10964,coolvibe.eth,355066
760,10924,blockheim,235128
761,10880,0xsujit,217780
762,10843,dooristar,426698
763,10834,kiszkiloszki.eth,307128
764,10830,seb,3973
765,10809,ansem,241316
766,10808,beb,1154
767,10804,jacy,2982
768,10795,auramaxdotfun,1448203
769,10791,femiii,1103415
770,10782,li,30
771,10751,crystalspaceshp,248172
772,10742,degenking1,478308
773,10719,bodegacatceo,11555
774,10714,tapcaster,414649
775,10712,tiniid,445086
776,10707,metaend.eth,17940
777,10706,httpsteve,539003
778,10703,bountybot,20596
779,10677,laurencea,324100
780,10656,shamimarshad,535036
781,10652,russellas,324191
782,10636,esss,276562
783,10635,karinaz,324686
784,10631,obey,239533
785,10630,jenniferz,325438
786,10629,ernestox,324774
787,10619,ionicmoney,548794
788,10605,marat116,520108
789,10595,jsheila,325503
790,10595,ticker,283553
791,10593,mckinney,325549
792,10579,degentips-bot.eth,390237
793,10577,duncans,325445
794,10576,onrekt,335741
795,10576,irinaliakh,4973
796,10575,weaver,325441
797,10573,keolier,406921
798,10566,patterson,325448
799,10558,zherring,5062
800,10551,chinmay.eth,15838
801,10504,stacylopez,326469
802,10504,corymckinney,326562
803,10503,nicholejacobs,334113
804,10503,jamiesummers,326561
805,10502,albertanewman,331104
806,10502,ericasingleton,326593
807,10501,sarahcopeland,333993
808,10501,inezsummers,330857
809,10501,beckymartin,326465
810,10501,lindseysantiago,326564
811,10501,mariacastillo,326595
812,10501,aprilquinn,330867
813,10501,carolinebarrett,341493
814,10501,deborahmckenzie,326592
815,10500,tamaramartin,329806
816,10500,elizabethparson,326524
817,10500,robinherrera,326470
818,10500,idagonzalez,341527
819,10500,vanessasimon,326591
820,10500,alisonking,326563
821,10500,judyadams,341492
822,10499,amandarowe,333994
823,10499,andreamurphy,330869
824,10499,tashalogan,341528
825,10499,ciberdelia,422910
826,10499,jeannettewood,329803
827,10499,maekennedy,334111
828,10499,sherylrodriquez,329805
829,10498,roxannemay,326472
830,10498,alyssalyons,333988
831,10498,mercedesmartine,330864
832,10498,jacquelineharve,326559
833,10498,stephaniepowell,333989
834,10497,mamiemullins,341489
835,10497,mirandajohnston,330866
836,10497,,326522
837,10497,cathyjordan,326594
838,10496,brandonvaldez,326525
839,10496,elsiealvarez,326519
840,10496,kerrymiles,331103
841,10496,terrifletcher,341487
842,10495,kendrawalton,329832
843,10495,melodypierce,334108
844,10495,ollieboone,335908
845,10495,margaretmatthew,336031
846,10495,saulthomas,326520
847,10495,amypage,333996
848,10495,meghanrodriguez,334109
849,10495,juliebuchanan,329835
850,10494,gloriataylor,341531
851,10494,velmaball,334110
852,10494,gingermccoy,331105
853,10493,feliciahicks,331002
854,10493,elviramassey,335910
855,10493,patriciaross,331108
856,10493,marcelonada,330083
857,10493,marshapearson,331001
858,10493,lelabaldwin,341491
859,10492,lilliesims,336033
860,10492,hildablair,335912
861,10492,janmuprhy,331006
862,10491,minniehanson,335915
863,10491,ginahenry,331007
864,10490,mandajess,438513
865,10490,daisypotter,336028
866,10490,sarahawkins,341526
867,10489,elviraxmassey,335914
868,10489,marcelis,449510
869,10488,margueritelee,341529
870,10488,dixiediaz,336034
871,10487,rebeccabishop,331111
872,10486,denisemarshall,336032
873,10480,macbp.eth,389990
874,10473,bitcery,267974
875,10472,6969,13086
876,10452,srimoam,452094
877,10445,citrahadi,325688
878,10440,lay2000lbs,706
879,10437,shazow.eth,5694
880,10426,salmarohimah,325685
881,10425,ausar,375028
882,10423,rosekeyes,439610
883,10420,him,5365
884,10409,kuchiki,1457310
885,10405,kdaniels.eth,301340
886,10389,femmie,267104
887,10389,cmlad.eth,5448
888,10373,dtso,13418
889,10370,venusaur,368021
890,10369,lorenacollins,326461
891,10369,atown,191042
892,10367,,343968
893,10363,corymack,326399
894,10363,reneebarker,326405
895,10354,doloreslove,326403
896,10354,iinkasim,325763
897,10348,henihutabarat,325765
898,10348,julianasuryana,325690
899,10336,karapeters,326406
900,10335,lavernepena,326402
901,10334,atiirawan,325758
902,10330,rosdianayanto,325761
903,10328,yantisusilawati,325689
904,10328,5959fam,445864
905,10324,dedehmanalu,325756
906,10316,nablafi,16496
907,10315,bankless,9307
908,10305,stellabelle,273147
909,10283,deeze,5486
910,10277,juhn0512,411778
911,10262,imlord,318864
912,10255,farcade,325741
913,10250,arrotu,441956
914,10224,basedinstitute,270969
915,10219,owl,10178
916,10217,5050,238032
917,10201,dwn2erth.eth,288204
918,10195,jualiksm,325607
919,10192,alexeyzar,440795
920,10179,tako-unik,499783
921,10160,bracky,901053
922,10139,velvet-capital,408181
923,10122,astutiaisyah,325604
924,10122,amnajes,325606
925,10117,complexlity,213144
926,10116,novinurhayati,325605
927,10099,basefrens,348814
928,10097,,325609
929,10089,blakefinucane,248093
930,10084,sheva7.eth,423036
931,10052,mysteryproducer,449706
932,10038,abc,1230
933,10035,greyseymour,195091
934,10030,master,413728
935,10026,lucianaguerraok,326677
936,10021,dinobase,336788
937,9996,harits.base.eth,1384214
938,9990,morbeck-art,332502
939,9987,benbodhi,803
940,9982,jenil,3776
941,9981,nickcherry,145
942,9971,maryamm13,472680
943,9956,winny,7878
944,9916,masks-bot,502254
945,9916,0xmajidx0,435716
946,9910,rodeodotclub,645771
947,9905,altanon,398596
948,9892,baseddesigner.eth,196957
949,9891,zoo,10215
950,9883,victoctero,8109
951,9854,0xhen,314233
952,9852,beearlybot,574472
953,9838,sandalwood,500144
954,9836,kokocodes,738574
955,9833,chaps,20701
956,9820,katekornish,10081
957,9817,l-l,379579
958,9816,bbabbe,452150
959,9813,cristianisbased.eth,395131
960,9806,basedevo,656051
961,9784,zachlipp,308536
962,9784,degentokenbase,244128
963,9743,garrytan,72
964,9734,paybot,364927
965,9728,twitscription,344497
966,9728,gulyildiz,354220
967,9724,art-pump,889268
968,9705,noviana,1105923
969,9700,faircaster,1101941
970,9695,indiorobot,13803
971,9684,nounish,226517
972,9637,greatgambino.eth,477292
973,9634,gaj,14036
974,9610,metadavid,243818
975,9584,baubergo-,337018
976,9580,we,4253
977,9569,wardenprotocol,347767
978,9564,lafemme,497018
979,9546,amaliee.eth,500861
980,9528,shulzzz,397815
981,9504,artirawat,603153
982,9478,hoamom,404125
983,9475,maxbr,229150
984,9464,gajagoyolo,414401
985,9459,linea,214212
986,9450,literature,58
987,9448,moshicam,541292
988,9448,liqfid,1440913
989,9443,talentmate.eth,196040
990,9427,ripe,2266
991,9415,yumemaboroshi,322662
992,9399,catch0x22.eth,256931
993,9398,yenkute,400486
994,9394,sarfrazkhan,501087
995,9379,esteez.eth,17571
996,9378,buildbot,531162
997,9377,jalleo,11782
998,9318,siadude,273708
999,9300,foundation,262357
1000,9291,jordanlyall,4865
